{
  "auc": 0.7818208338527328,
  "xgb_auc": 0.7810011367391213,
  "lgb_auc": 0.7814262245989443,
  "cv_mean_auc": 0.7872387623832411,
  "cv_std_auc": 0.006147927186550031
}